molecule_chembl_id,units,Ki,smiles,pKi
CHEMBL11805,nM,0.104,COc1ccccc1CN(C)CCCCCC(=O)N(C)CCCCCCCCN(C)C(=O)CCCCCN(C)Cc1ccccc1OC,9.98296666070122
CHEMBL208599,nM,0.026,CCC1=CC2Cc3nc4cc(Cl)ccc4c(N)c3[C@@H](C1)C2,10.585026652029182
CHEMBL60745,nM,1.63,CC[N+](C)(C)c1cccc(O)c1.[Br-],8.787812395596042
CHEMBL95,nM,151.0,Nc1c2c(nc3ccccc13)CCCC2,6.821023052706831
CHEMBL173309,nM,12.2,CCN(CCCCCC(=O)N(C)CCCCCCCCN(C)C(=O)CCCCCN(CC)Cc1ccccc1OC)Cc1ccccc1OC,7.913640169325252
CHEMBL1128,nM,200.0,CC[N+](C)(C)c1cccc(O)c1.[Cl-],6.698970004336019
CHEMBL102226,nM,20000.0,CCCCCCCSC(=O)OCC[N+](C)(C)C.[Cl-],4.698970004336019
CHEMBL103873,nM,2000.0,CCCCCSC(=O)OCC[N+](C)(C)C.[Cl-],5.698970004336019
CHEMBL640,nM,1000.0,CCN(CC)CCNC(=O)c1ccc(N)cc1,6.0
CHEMBL75121,nM,21.7,COc1cc2cc(-c3ccc(CN(C)Cc4ccccc4)cc3)c(=O)oc2cc1OC,7.66354026615147
CHEMBL502,nM,20.5,COc1cc2c(cc1OC)C(=O)C(CC1CCN(Cc3ccccc3)CC1)C2,7.688246138944246
CHEMBL345124,nM,7140.0,CC[N+](C)(CC)CCC[n+]1c(-c2ccccc2)c2cc(N)ccc2c2ccc(N)cc21.[I-].[I-],5.146301788223825
CHEMBL179455,nM,1.49,Nc1ccc2c(c1)c(-c1ccccc1)[n+](CCCNCCCNCCCNc1c3c(nc4ccccc14)CCCC3)c1cc(N)ccc21,8.826813731587727
CHEMBL361165,nM,894.0,COc1ccccc1CN(C)CCCN(C)CCCNCCC[n+]1c(-c2ccccc2)c2cc(N)ccc2c2ccc(N)cc21,6.048662481204082
CHEMBL359719,nM,2300.0,COc1ccc(-c2cc3c(c(=O)o2)C[C@@]2(O)[C@@]4(C)CCC(=O)OC(C)(C)[C@@]4(O)CC[C@@]2(C)O3)cc1,5.638272163982407
CHEMBL369772,nM,1500.0,CCCCNC(=O)OCCO,5.823908740944319
CHEMBL182596,nM,1400.0,CCCCNC(=O)OCCCCCO,5.853871964321762
CHEMBL181445,nM,360.0,CCCCNC(=O)OCCCCCCCCO,6.443697499232712
CHEMBL181435,nM,200.0,CCCCNC(=O)OCCCCCCCCCCO,6.698970004336019
CHEMBL182696,nM,300.0,CCCCNC(=O)OCCCCCCCCCCCCO,6.522878745280337
CHEMBL183394,nM,200.0,CCCCNC(=O)OCCCCCCCCCCCCCCO,6.698970004336019
CHEMBL184316,nM,130.0,CCCCNC(=O)OCCCCCCCCCCCCCCCCO,6.886056647693163
CHEMBL366931,nM,360.0,CCCCNC(=O)OCCOC(=O)NCCCC,6.443697499232712
CHEMBL181867,nM,250.0,CCCCNC(=O)OCCCCCOC(=O)NCCCC,6.6020599913279625
CHEMBL425165,nM,150.0,CCCCNC(=O)OCCCCCCCCOC(=O)NCCCC,6.823908740944319
CHEMBL185000,nM,160.0,CCCCNC(=O)OCCCCCCCCCCOC(=O)NCCCC,6.795880017344075
CHEMBL184946,nM,160.0,CCCCNC(=O)OCCCCCCCCCCCCOC(=O)NCCCC,6.795880017344075
CHEMBL185164,nM,160.0,CCCCNC(=O)OCCCCCCCCCCCCCCOC(=O)NCCCC,6.795880017344075
CHEMBL362685,nM,170.0,CCCCNC(=O)OCCCCCCCCCCCCCCCCOC(=O)NCCCC,6.769551078621726
CHEMBL8320,nM,955.0,O=C1C=CC(=O)C=C1,6.019996628416253
CHEMBL364729,nM,1670.0,O=C1C(=O)C(Cl)=C(Cl)C(Cl)=C1Cl,5.777283528852417
CHEMBL192627,nM,163.0,O=C1C(Cl)=C(Cl)C(=O)C(Cl)=C1Cl,6.787812395596042
CHEMBL208092,nM,16.5,C/C=C1\C2C=C(C)C[C@]1(N)CC(NCCCCCCCNc1c3c(nc4ccccc14)CCCC3)C2(C)C,7.782516055786093
CHEMBL1255901,nM,47.0,C/C=C1\[C@H]2C=C(C)C[C@@]1(N)c1ccc(=O)[nH]c1C2,7.327902142064282
CHEMBL210453,nM,6.4,C/C=C1\C2C=C(C)C[C@]1(C(=O)OC)CC(NCCCCCCCNc1c3c(nc4ccccc14)CCCC3)C2,8.193820026016112
CHEMBL382423,nM,15.7,C/C=C1\C2C=C(C)C[C@]1(N)CC(NCCCCCCCNc1c3c(nc4ccccc14)CCCC3)C2,7.804100347590766
CHEMBL536047,nM,0.033,CC1=CC2Cc3nc4cc(Cl)ccc4c(N)c3C(C1)C2.Cl,10.481486060122112
CHEMBL375126,nM,48200.0,O=C1C(=O)N(Cc2ccc(Cl)c(Cl)c2)c2ccccc21,4.31695296176115
CHEMBL222752,nM,3280.0,O=C1C(=O)N(Cc2ccc(Cc3ccc(CN4C(=O)C(=O)c5ccccc54)cc3)cc2)c2ccccc21,5.484126156288321
CHEMBL222856,nM,104.0,COc1ccccc1CN(C)CCCCCC(=O)N(C)CCCCCCCCN(C)C(=O)CCCCCN(C)Cc1ccccc1OC.O=C(O)C(=O)O,6.982966660701219
CHEMBL385130,nM,12.2,CCN(CCCCCC(=O)N(C)CCCCCCCCN(C)C(=O)CCCCCN(CC)Cc1ccccc1OC)Cc1ccccc1OC.O=C(O)C(=O)O,7.913640169325252
CHEMBL222904,nM,5.67,CCN(CCCCCC(=O)N1CCC(C2CCN(C(=O)CCCCCN(CC)Cc3ccccc3OC)CC2)CC1)Cc1ccccc1OC.O=C(O)C(=O)O,8.246416941107093
CHEMBL225567,nM,0.014,O=C(CCc1c[nH]c2ccccc12)NCCCCCCNc1c2c(nc3cc(Cl)ccc13)CCCC2,10.853871964321762
CHEMBL225198,nM,0.009,O=C(CCc1c[nH]c2ccccc12)NCCCCCCCNc1c2c(nc3cc(Cl)ccc13)CCCC2,11.045757490560675
CHEMBL223443,nM,0.015,O=C(Cc1c[nH]c2ccccc12)NCCCCCCCNc1c2c(nc3cc(Cl)ccc13)CCCC2,10.823908740944319
CHEMBL225326,nM,0.02,O=C(Cc1c[nH]c2ccc(Br)cc12)NCCCCCCCNc1c2c(nc3cc(Cl)ccc13)CCCC2,10.698970004336019
CHEMBL225021,nM,0.0017,O=C(CCCc1c[nH]c2ccccc12)NCCCCCNc1c2c(nc3cc(Cl)ccc13)CCCC2,11.769551078621726
CHEMBL433282,nM,850.0,O=C1C(=O)c2cc([N+](=O)[O-])ccc2-c2ccccc21,6.070581074285707
CHEMBL235289,nM,903.0,O=C1C(=O)c2ccc([N+](=O)[O-])c3c([N+](=O)[O-])ccc1c23,6.044312249686494
CHEMBL52347,nM,320.0,O=C1C=Cc2ccccc2C1=O,6.494850021680094
CHEMBL402976,nM,313700.0,CN(C)CCOC(=O)Nc1ccncc1,3.5034854813022553
CHEMBL537454,nM,140200.0,CN(C)CCOC(=O)Nc1cc(Cl)nc(Cl)c1.Cl,3.8532519863693597
CHEMBL3216883,nM,316400.0,CN(C)CCOC(=O)Nc1ccncc1Br.Cl.Cl,3.4997635251743606
CHEMBL3216205,nM,207700.0,CN(C)CCOC(=O)Nc1ccnc(Cl)c1.Cl.Cl.Cl,3.682563503464901
CHEMBL254302,nM,64400.0,C[N+](C)(C)CCOC(=O)Nc1cc(Cl)nc(Cl)c1.[I-],4.1911141326401875
CHEMBL254300,nM,115900.0,C[N+](C)(C)CCOC(=O)Nc1ccncc1Br.[I-],3.935916564036404
CHEMBL402977,nM,150900.0,C[N+](C)(C)CCOC(=O)Nc1ccnc(Cl)c1.[I-],3.82131076022441
CHEMBL254299,nM,159000.0,C[N+](C)(C)CCOC(=O)Nc1ccncc1.[I-],3.7986028756795482
CHEMBL231160,nM,2.6,CCN(CCCCCCNC1=CC(=O)C(NCCCCCCN(CC)Cc2ccccc2OC)=CC1=O)Cc1ccccc1OC,8.585026652029182
CHEMBL495711,nM,1908.0,N[C@@H](Cc1ccccc1)C(=O)NCC(=O)Nc1c2c(nc3ccccc13)CCCC2,5.719421629631924
CHEMBL522073,nM,6320.0,CN[C@@H](Cc1ccccc1)C(=O)NCC(=O)Nc1c2c(nc3ccccc13)CCCC2,5.199282921717614
CHEMBL496946,nM,11190.0,N[C@@H](Cc1ccc2ccccc2c1)C(=O)NCC(=O)Nc1c2c(nc3ccccc13)CCCC2,4.95116991347165
CHEMBL521874,nM,4130.0,O=C(CNC(=O)[C@@H]1Cc2ccccc2CN1)Nc1c2c(nc3ccccc13)CCCC2,5.384049948343598
CHEMBL495712,nM,2214.0,N[C@@H](Cc1c[nH]c2ccccc12)C(=O)NCC(=O)Nc1c2c(nc3ccccc13)CCCC2,5.6548223834572955
CHEMBL496126,nM,3330.0,CN[C@@H](Cc1c[nH]c2ccccc12)C(=O)NCC(=O)Nc1c2c(nc3ccccc13)CCCC2,5.47755576649368
CHEMBL508778,nM,7970.0,CC(C)(C)OC(=O)N[C@@H](Cc1c[nH]c2ccccc12)C(=O)NCCC(=O)Nc1c2c(nc3ccccc13)CCCC2,5.098541678603888
CHEMBL496127,nM,34030.0,N[C@@H](Cc1c[nH]c2ccccc12)C(=O)NCCC(=O)Nc1c2c(nc3ccccc13)CCCC2,4.468138050904191
CHEMBL502244,nM,130.0,CC(C)(C)OC(=O)N[C@@H](Cc1c[nH]c2ccccc12)C(=O)NCCNc1c2c(nc3ccccc13)CCCC2,6.886056647693163
CHEMBL525917,nM,280.0,N[C@@H](Cc1c[nH]c2ccccc12)C(=O)NCCNc1c2c(nc3ccccc13)CCCC2,6.552841968657781
CHEMBL504571,nM,15.4,CC(C)(C)OC(=O)N[C@@H](CCC(=O)NCCNc1c2c(nc3ccccc13)CCCC2)C(=O)NCCNc1c2c(nc3ccccc13)CCCC2,7.8124792791635365
CHEMBL397271,nM,6.21,N[C@@H](CCC(=O)NCCNc1c2c(nc3ccccc13)CCCC2)C(=O)NCCNc1c2c(nc3ccccc13)CCCC2,8.20690839982342
CHEMBL451304,nM,6.75,O=C(NCCCCCNc1c2c(nc3ccccc13)CCCC2)[C@@H]1CCCN1CCNc1c2c(nc3ccccc13)CCCC2,8.170696227168975
CHEMBL129108,nM,27.9,c1ccc2c(NCCCCCCCCSc3c4c(nc5ccccc35)CCCC4)c3c(nc2c1)CCCC3,7.554395796726403
CHEMBL481,nM,50.5,CCc1c2c(nc3ccc(OC(=O)N4CCC(N5CCCCC5)CC4)cc13)-c1cc3c(c(=O)n1C2)COC(=O)[C@]3(O)CC,7.296708621881338
CHEMBL464538,nM,10.0,C=CC[N+](C)(C)c1ccc(CCC(=O)CCc2ccc([N+](C)(C)CC=C)cc2)cc1.[Br-].[Br-],8.0
CHEMBL1190,nM,6000000.0,C[N+](C)(C)CCCCCCCCCC[N+](C)(C)C,2.221848749616356
CHEMBL360055,nM,37000.0,CC[N+](CC)(CC)CCOc1cccc(OCC[N+](CC)(CC)CC)c1OCC[N+](CC)(CC)CC,4.431798275933005
CHEMBL490660,nM,1.63,c1ccc2c(NCCc3ccc(CCNc4c5c(nc6ccccc46)CCCC5)cc3)c3c(nc2c1)CCCC3,8.787812395596042
CHEMBL507438,nM,7.45,Cc1cc(CCNc2c3c(nc4ccccc24)CCCC3)cc(CCNc2c3c(nc4ccccc24)CCCC3)c1,8.127843727251706
CHEMBL522286,nM,13.27,c1ccc2c(NCCc3cocc3CCNc3c4c(nc5ccccc35)CCCC4)c3c(nc2c1)CCCC3,7.877129077135565
CHEMBL521935,nM,0.768,c1cc(CCNc2c3c(nc4ccccc24)CCCC3)nc(CCNc2c3c(nc4ccccc24)CCCC3)c1,9.114638779968487
CHEMBL490264,nM,1.718,c1cc(CCNc2c3c(nc4ccccc24)CCCC3)cc(CCNc2c3c(nc4ccccc24)CCCC3)c1,8.764976840504776
CHEMBL445454,nM,0.1359,c1ccc2c(NCCCN3CCN(CCCNc4c5c(nc6ccccc46)CCCC5)CC3)c3c(nc2c1)CCCC3,9.866780543267506
CHEMBL499224,nM,0.1191,OCCN(CCCCNc1c2c(nc3ccccc13)CCCC2)CCCNc1c2c(nc3ccccc13)CCCC2,9.924088238517223
CHEMBL490060,nM,0.162,CCN(CCCCNc1c2c(nc3ccccc13)CCCC2)CCCNc1c2c(nc3ccccc13)CCCC2,9.790484985457368
CHEMBL489454,nM,0.0118,CN(CCCCNc1c2c(nc3ccccc13)CCCC2)CCCNc1c2c(nc3ccccc13)CCCC2,10.928117992693874
CHEMBL451277,nM,0.223,CC(=O)N(CCCCNc1c2c(nc3ccccc13)CCCC2)CCCNc1c2c(nc3ccccc13)CCCC2,9.65169513695184
CHEMBL482512,nM,2.672,c1ccc2c(NCCCCNCCCSc3c4c(nc5ccccc35)CCCC4)c3c(nc2c1)CCCC3,8.573163546196492
CHEMBL501587,nM,20.88,CC(=O)N(CCCCNc1c2c(nc3ccccc13)CCCC2)CCCSc1c2c(nc3ccccc13)CCCC2,7.680269505669775
CHEMBL175949,nM,5.15,CC(=O)N(CCCCSc1c2c(nc3ccccc13)CCCC2)CCCNc1c2c(nc3ccccc13)CCCC2,8.288192770958808
CHEMBL175555,nM,3.99,CN(CCCCSc1c2c(nc3ccccc13)CCCC2)CCCNc1c2c(nc3ccccc13)CCCC2,8.399027104313252
CHEMBL179192,nM,13.37,CC(=O)N(CCCNc1c2c(nc3ccccc13)CCCC2)CCCSc1c2c(nc3ccccc13)CCCC2,7.873868592738016
CHEMBL338755,nM,0.54,CN(CCCNc1c2c(nc3ccccc13)CCCC2)CCCNc1c2c(nc3ccccc13)CCCC2,9.267606240177031
CHEMBL507174,nM,0.0847,C=CCN(CCCCNc1c2c(nc3ccccc13)CCCC2)CCCNc1c2c(nc3ccccc13)CCCC2,10.072116589669292
CHEMBL374184,nM,109.0,CCOC(=O)C1=C(C)Nc2nc3c(c(N)c2C1c1ccc(OC)cc1)CCCC3,6.962573502059376
CHEMBL3215768,nM,1.91,Cl.Cl.Cl.Cl.O=C(NCCCCCCCCNc1c2c(nc3cc(Cl)ccc13)CCCC2)c1ccc2nc(-c3ccc(Cl)cc3)c3c(c2c1)OCCC3,8.718966632752272
CHEMBL309490,nM,85600.0,O=c1c(O)c(-c2ccccc2)oc2cc(O)cc(O)c12,4.0675262353228465
CHEMBL28,nM,121600.0,O=c1cc(-c2ccc(O)cc2)oc2cc(O)cc(O)c12,3.9150664250632836
CHEMBL150,nM,92800.0,O=c1c(O)c(-c2ccc(O)cc2)oc2cc(O)cc(O)c12,4.032452023781138
CHEMBL50,nM,38300.0,O=c1c(O)c(-c2ccc(O)c(O)c2)oc2cc(O)cc(O)c12,4.416801226031377
CHEMBL164,nM,37800.0,O=c1c(O)c(-c2cc(O)c(O)c(O)c2)oc2cc(O)cc(O)c12,4.422508200162775
CHEMBL31574,nM,100200.0,O=c1c(O)c(-c2ccc(O)c(O)c2)oc2cc(O)ccc12,3.999132278468773
CHEMBL151,nM,65800.0,O=c1cc(-c2ccc(O)c(O)c2)oc2cc(O)cc(O)c12,4.181774106386045
CHEMBL590031,nM,24000.0,CO[P@@]1(=O)CC[C@H]2COC(=O)C2=C(C)O1,4.619788758288394
CHEMBL592433,nM,140000.0,CO[P@]1(=O)CC[C@H]2COC(=O)C2=C(C)O1,3.853871964321762
CHEMBL592624,nM,76000.0,COC(=O)C1=C(C)OP(=O)(OC)CCC1,4.119186407719209
CHEMBL592857,nM,310000.0,COC(=O)C1=C(C)OP(=O)(OC)CC1,3.508638306165727
CHEMBL1025,nM,6000.0,CC(C)OP(=O)(F)OC(C)C,5.221848749616356
CHEMBL599644,nM,61.1,CN(Cc1ccccc1)Cc1ccc(/C=C2\CCc3cc(OCCCCCN4CCCCC4)ccc3C2=O)cc1,7.213958789757446
CHEMBL590298,nM,89300.0,NC(=O)N1c2ccccc2Sc2ccccc21,4.049148541111453
CHEMBL606338,nM,9360.0,CNC(=O)N1c2ccccc2Sc2ccccc21,5.028724151261895
CHEMBL600230,nM,1450000.0,CCNC(=O)N1c2ccccc2Sc2ccccc21,2.8386319977650247
CHEMBL592185,nM,691000.0,CC(C)NC(=O)N1c2ccccc2Sc2ccccc21,3.1605219526258015
CHEMBL592674,nM,400000.0,CN(C)C(=O)N1c2ccccc2Sc2ccccc21,3.3979400086720375
CHEMBL601282,nM,16300.0,CCN(CC)CCNC(=O)N1c2ccccc2Sc2ccccc21.Cl,4.787812395596042
CHEMBL605824,nM,810.0,CC(C)N(CCNC(=O)N1c2ccccc2Sc2ccccc21)C(C)C,6.09151498112135
CHEMBL589536,nM,29400.0,O=C(NCCN1CCCC1)N1c2ccccc2Sc2ccccc21,4.531652669587842
CHEMBL589563,nM,620.0,O=C(NCCN1CCCCC1)N1c2ccccc2Sc2ccccc21,6.207608310501746
CHEMBL430886,nM,20.0,[Br-].[Br-].c1cc[n+](CCCCCCCCCCC[n+]2ccccc2)cc1,7.698970004336019
CHEMBL1081810,nM,140.0,[Br-].[Br-].c1cc[n+](Cc2ccc3ccc(C[n+]4ccccc4)cc3c2)cc1,6.853871964321762
CHEMBL1087194,nM,24.0,CCOC(=O)c1cc2c(N)c3c(nc2nc1C)CCCC3,7.619788758288394
CHEMBL659,nM,300.0,COc1ccc2c3c1O[C@H]1C[C@@H](O)C=C[C@@]31CCN(C)C2,6.522878745280337
CHEMBL558873,nM,860.0,CC(C)(C)[Si](C)(C)O[C@H]1C=C2CCN3Cc4cc5c(cc4[C@H]([C@@H]1O)[C@@H]23)OCO5,6.065501548756432
CHEMBL564408,nM,340.0,CC(=O)O[C@H]1[C@H]2c3cc4c(cc3CN3CCC(=C[C@@H]1O[Si](C)(C)C(C)(C)C)[C@H]23)OCO4,6.468521082957745
CHEMBL251077,nM,430.0,CC(=O)O[C@H]1[C@H]2c3cc4c(cc3CN3CCC(=C[C@@H]1O)[C@H]23)OCO4,6.366531544420413
CHEMBL1221975,nM,390.0,CC(C)(C)[Si](C)(C)O[C@H]1C=C2CCN3Cc4cc5c(cc4[C@H]([C@@H]1OC(=O)c1ccccc1)[C@@H]23)OCO5,6.4089353929735005
CHEMBL1222025,nM,540.0,O=C(O[C@H]1[C@H]2c3cc4c(cc3CN3CCC(=C[C@@H]1O)[C@H]23)OCO4)c1ccccc1,6.267606240177031
CHEMBL1222026,nM,970.0,CC(=O)O[C@H]1C=C2CCN3Cc4cc5c(cc4[C@H]([C@@H]1OC(=O)c1ccccc1)[C@@H]23)OCO5,6.013228265733755
CHEMBL1642977,nM,90.0,CC(C)(C)c1cc[n+](CCCCCCCC[n+]2ccc(C(C)(C)C)cc2)cc1.[Br-].[Br-],7.045757490560675
CHEMBL1642988,nM,100.0,CC(C)(C)c1cc[n+](/C=C2\C=CC3=CC/C(=C\[n+]4ccc(C(C)(C)C)cc4)C=C3C2)cc1.[Br-].[Br-],7.0
CHEMBL1200970,nM,24700.0,CCN(CC)C(C)CN1c2ccccc2Sc2ccccc21.Cl,4.607303046740334
CHEMBL1669479,nM,5.0,C[N+](C)(CCNC(=O)C(=O)NCC[N+](C)(C)Cc1ccccc1Cl)Cc1ccccc1Cl.[Cl-].[Cl-],8.301029995663981
CHEMBL1669486,nM,620.0,[Br-].[Br-].c1ccc2c[n+](CCCCCCCC[n+]3ccc4ccccc4c3)ccc2c1,6.207608310501746
CHEMBL1669494,nM,1250.0,[Br-].[Br-].c1ccc2c[n+](Cc3ccc4ccc(C[n+]5ccc6ccccc6c5)cc4c3)ccc2c1,5.903089986991944
CHEMBL225577,nM,40.0,[Br-].[Br-].c1ccc2c(c1)ccc[n+]2CCCCCCCCCC[n+]1cccc2ccccc21,7.3979400086720375
CHEMBL1762003,nM,2300.0,[Br-].[Br-].c1ccc2c(c1)ccc[n+]2Cc1ccc2ccc(C[n+]3cccc4ccccc43)cc2c1,5.638272163982407
CHEMBL392577,nM,3.5,O=C(c1c2ccccc2cc2ccccc12)N1c2ccccc2Sc2ccccc21,8.455931955649724
CHEMBL1819176,nM,1.01,Clc1ccc2c(NCCCCCCCNc3c4c(nc5ccccc35)-c3ccccc3C4)c3c(nc2c1)CCCC3,8.995678626217357
CHEMBL2011402,nM,34300.0,COc1ccc([C@H]2Oc3cc(O)c(C/C=C(\C)CCC=C(C)C)c(O)c3C(=O)[C@@H]2O)cc1O,4.464705879957229
CHEMBL459258,nM,68200.0,COc1cc([C@H]2Oc3cc(O)c(C/C=C(\C)CCC=C(C)C)c(O)c3C(=O)[C@@H]2O)ccc1O,4.166215625343521
CHEMBL2011403,nM,16900.0,COc1c(O)cc(C2Oc3cc(O)c(C/C=C(\C)CCC=C(C)C)c(O)c3C(=O)[C@@H]2O)cc1O,4.772113295386326
CHEMBL2011404,nM,94500.0,COc1ccc([C@@H]2CC(=O)c3c(cc(O)c(C/C=C(\C)CCC=C(C)C)c3O)O2)cc1O,4.024568191490737
CHEMBL253152,nM,149500.0,COc1cc([C@@H]2CC(=O)c3c(cc(O)c(C/C=C(\C)CCC=C(C)C)c3O)O2)ccc1O,3.8253588073395512
CHEMBL2011405,nM,30100.0,COc1c(O)cc(C2CC(=O)c3c(cc(O)c(C/C=C(\C)CCC=C(C)C)c3O)O2)cc1O,4.521433504406157
CHEMBL374130,nM,120500.0,CC(C)=CCC/C(C)=C/Cc1c(O)cc2c(c1O)C(=O)C[C@@H](c1ccc(O)cc1)O2,3.919012953089113
CHEMBL223256,nM,8400.0,CC(C)=CCC/C(C)=C/Cc1c(O)cc2c(c1O)C(=O)C[C@@H](c1ccc(O)c(O)c1)O2,5.075720713938118
CHEMBL1256415,nM,6340.0,COc1ccc2nc3c(c(N)c2c1)CCCC3,5.1979107421182675
CHEMBL1677,nM,101.0,Cl.Nc1c2c(nc3ccccc13)CCCC2,6.995678626217357
CHEMBL2064470,nM,24.7,CN(CCCN1CCN(CCNc2c3c(nc4ccccc24)CCCC3)CC1)c1ccccc1,7.607303046740334
CHEMBL2064468,nM,47.6,CN(CCCN1CCN(CCNc2c3c(nc4ccccc24)CCCC3)CC1)C1CCCCC1,7.3223930472795065
CHEMBL2064466,nM,85.5,CN(CCC(=O)N1CCN(CCNc2c3c(nc4ccccc24)CCCC3)CC1)c1ccccc1,7.068033885271827
CHEMBL2064465,nM,3.73,CCN(CCC(=O)N1CCN(CCNc2c3c(nc4ccccc24)CCCC3)CC1)C1CCCCC1,8.428291168191313
CHEMBL2064464,nM,0.318,CN(CCC(=O)N1CCN(CCNc2c3c(nc4ccccc24)CCCC3)CC1)C1CCCCC1,9.497572880015568
CHEMBL2064404,nM,76.1,O=C(CCN1CCCCC1)N1CCN(CCNc2c3c(nc4ccccc24)CCCC3)CC1,7.118615343229427
CHEMBL2159664,nM,47.0,CC(=O)c1ccccc1NC(=O)c1ccc(OCCCCCC[n+]2ccccc2)cc1.[Br-],7.327902142064282
CHEMBL2159663,nM,81.0,CC(=O)c1ccccc1NC(=O)c1ccc(OCCCCC[n+]2ccccc2)cc1.[Br-],7.0915149811213505
CHEMBL2159662,nM,6.47,CC(=O)c1ccccc1NC(=O)c1ccc(OCCCCC[n+]2cccc3ccccc32)cc1.[Br-],8.1890957193313
CHEMBL2159661,nM,9.4,CC(=O)c1ccccc1NC(=O)c1ccc(OCCCCCC[n+]2ccc3ccccc3c2)cc1.[Br-],8.0268721464003
CHEMBL2159660,nM,44.66,CC(=O)c1ccccc1NC(=O)c1ccc(OCCCCC[n+]2ccc3ccccc3c2)cc1.[Br-],7.350081281264581
CHEMBL2159659,nM,45.81,CC(=O)c1ccccc1NC(=O)c1ccc(OCCCC[n+]2ccc3ccccc3c2)cc1.[Br-],7.3390397082239165
CHEMBL2159658,nM,53.0,CC(=O)c1ccccc1NC(=O)c1ccc(OCCCC[n+]2cccc3ccccc32)cc1.[Br-],7.275724130399211
CHEMBL2159657,nM,123.73,O=C(NCCc1c[nH]c2ccccc12)c1ccc(OCCCC[n+]2cccc3ccccc32)cc1.[Br-],6.90752498707402
CHEMBL2159656,nM,197.78,CN(C)c1cc[n+](CCCCOc2ccc(C(=O)NCCc3c[nH]c4ccccc34)cc2)cc1.[Br-],6.703817627444565
CHEMBL2158019,nM,1437.0,O=C(NCCc1c[nH]c2ccccc12)c1ccc(OCCCCn2c3ccccc3c3ccccc32)cc1,5.842543231865774
CHEMBL2164779,nM,1200000.0,CC(C)NC[C@H](O)c1ccc(OC(=O)N(C)C)c(OC(=O)N(C)C)c1.Cl,2.920818753952375
CHEMBL2164778,nM,390000.0,CC(C)NC[C@H](O)c1cc(OC(=O)N(C)C)cc(OC(=O)N(C)C)c1.Cl,3.4089353929735005
CHEMBL2164777,nM,1400000.0,CC(C)NCC(O)c1ccc(OC(=O)N(C)C)c(OC(=O)N(C)C)c1.Cl,2.853871964321762
CHEMBL2164776,nM,710000.0,CC(C)NCC(O)c1cc(OC(=O)N(C)C)cc(OC(=O)N(C)C)c1.Cl,3.1487416512809245
CHEMBL258893,nM,1120.0,COc1ccc2c(c[n+](C)c3c4cc5c(cc4ccc23)OCO5)c1OC.[Cl-],5.950781977329818
CHEMBL518543,nM,3100.0,CC(C)=CCc1c(-c2ccc(O)cc2O)oc2c(CC=C(C)C)c(O)cc(O)c2c1=O,5.508638306165727
CHEMBL1770314,nM,3100.0,CC1(C)C=Cc2c(cc(O)c3c(=O)c4c(oc23)-c2ccc(O)cc2OC(C(C)(C)O)C4)O1,5.508638306165727
CHEMBL1770313,nM,3100.0,CC(C)=CC1Oc2cc(O)ccc2-c2oc3c4c(cc(O)c3c(=O)c21)OC(C)(C)C=C4,5.508638306165727
CHEMBL1719948,nM,3100.0,CC(C)(O)CCc1c(-c2ccc(O)cc2O)oc2c3c(cc(O)c2c1=O)OC(C)(C)C=C3,5.508638306165727
CHEMBL464006,nM,3100.0,CC(C)=CCc1c(-c2ccc(O)cc2O)oc2c3c(cc(O)c2c1=O)OC(C)(C)C=C3,5.508638306165727
CHEMBL1096939,nM,3100.0,CC(C)=CCC/C(C)=C/Cc1cc(C2CC(=O)c3c(O)cc(O)cc3O2)c(O)cc1O,5.508638306165727
CHEMBL2297276,nM,3100.0,COc1cc(O)c(C2CC(=O)c3c(O)cc(O)cc3O2)cc1C/C=C(\C)CCC=C(C)C,5.508638306165727
CHEMBL2297277,nM,3100.0,CC(C)=CCC/C(C)=C/Cc1cc(-c2cc(=O)c3c(O)cc(O)cc3o2)c(O)cc1O,5.508638306165727
CHEMBL2297278,nM,3100.0,COc1cc(O)c(-c2cc(=O)c3c(O)cc(O)cc3o2)cc1C/C=C(\C)CCC=C(C)C,5.508638306165727
CHEMBL2297982,nM,2870.0,O=c1c(Cl)c(N2CCN(c3ccc(C(F)(F)F)cn3)CC2)cnn1-c1c(Cl)cc(C(F)(F)F)cc1Cl,5.542118103266008
CHEMBL187030,nM,896.73,O=C(CC1S/C(=N/c2ccc(C3CCCCC3)cc2)NC1=O)Nc1ccc(OC(F)(F)F)cc1,6.047338300725594
CHEMBL2297981,nM,130.05,CSc1cccc(/N=C2\NC(=O)C(CC(=O)Nc3ccc(F)c(F)c3)S2)c1,6.885889643468108
CHEMBL2297980,nM,22.78,O=C(Nc1ccc(OC(F)(F)F)cc1)OC1CN(C(c2ccccc2)c2ccccc2)C1,7.642446280256919
CHEMBL1720480,nM,95.3,O=C(NC1CCN(Cc2ccccc2)CC1)c1ccc2c(c1)OCCCO2,7.020907099361674
CHEMBL2297979,nM,47.34,O=C(CN1CCN(Cc2ccccc2)CC1)Nc1ccc(C(F)(F)F)cc1Cl,7.324771746406936
CHEMBL2297978,nM,21.29,Cc1c(S(=O)(=O)c2ccc(Cl)cc2)csc1C(=O)NC1CCN(Cc2ccccc2)CC1,7.671824338561677
CHEMBL1711540,nM,54.84,COc1ccc(C(=O)NC2CCN(Cc3c(F)cccc3Cl)CC2)cc1OC,7.260902553882525
CHEMBL2297977,nM,241.14,O=C(Nc1ccc(OC(F)(F)F)cc1)N1CCCN(CCc2ccccc2)CC1,6.617730743424321
CHEMBL2297976,nM,2350.0,N/C(=N\OC(=O)c1cnn(-c2ccc([N+](=O)[O-])cc2)c1C(F)(F)F)c1ccc(Cl)cc1,5.628932137728263
CHEMBL2297975,nM,521.34,CC(C)(C)c1ccc(/C(N)=N/OC(=O)c2cnn(-c3ccc([N+](=O)[O-])cc3)c2C(F)(F)F)cc1,6.282878952393466
CHEMBL2297985,nM,2070.0,N/C(=N\OC(=O)c1cnn(-c2ccc([N+](=O)[O-])cc2)c1C(F)(F)F)c1ccc(C(F)(F)F)cc1,5.684029654543082
CHEMBL2297984,nM,61.4,CC(CN1CCN(Cc2ccccc2)CC1)N(C(=O)c1cccc([N+](=O)[O-])c1)c1ccccn1,7.211831628858832
CHEMBL2297983,nM,263.15,O=[N+]([O-])c1ccc(OCC(O)CN2CCCN(c3nc4ccc(Cl)cc4s3)CC2)cc1,6.579796625646704
CHEMBL515394,nM,73.78,COc1cc2c(cc1OC)C(=O)C(Cc1ccc(CN3CCCCC3)cc1)C2,7.1320613491092155
CHEMBL472776,nM,59.34,COc1cc2c(cc1OC)C(=O)C(Cc1cccc(CN3CCCCC3)c1)C2,7.226652458019177
CHEMBL473962,nM,772.65,COc1cc2c(cc1OC)C(=O)C(Cc1ccc(CN3CCCC3)cc1)C2,6.11201719106374
CHEMBL473767,nM,22.28,COc1cc2c(cc1OC)C(=O)C(Cc1cccc(CN3CCCC3)c1)C2,7.652084813498309
CHEMBL472814,nM,1040.0,CCN(CC)Cc1ccc(CC2Cc3cc(OC)c(OC)cc3C2=O)cc1,5.982966660701219
CHEMBL472813,nM,21.66,CCN(CC)Cc1cccc(CC2Cc3cc(OC)c(OC)cc3C2=O)c1,7.664341547710698
CHEMBL474190,nM,918.25,CCN(C)Cc1ccc(CC2Cc3cc(OC)c(OC)cc3C2=O)cc1,6.037039062982668
CHEMBL515891,nM,506.78,CCN(C)Cc1cccc(CC2Cc3cc(OC)c(OC)cc3C2=O)c1,6.295180532819831
CHEMBL474578,nM,161.03,COc1cc2c(cc1OC)C(=O)C(Cc1ccc(CN(C)C)cc1)C2,6.793093207069136
CHEMBL474577,nM,524.99,COc1cc2c(cc1OC)C(=O)C(Cc1cccc(CN(C)C)c1)C2,6.279848968948674
CHEMBL514186,nM,95.21,COc1cc2c(cc1OC)C(=O)/C(=C/c1ccc(CN3CCCCC3)cc1)C2,7.021317434843056
CHEMBL475161,nM,70.9,COc1cc2c(cc1OC)C(=O)/C(=C/c1cccc(CN3CCCCC3)c1)C2,7.149353764816933
CHEMBL465028,nM,198.49,COc1cc2c(cc1OC)C(=O)/C(=C/c1ccc(CN3CCCC3)cc1)C2,6.702261368267198
CHEMBL465027,nM,126.75,COc1cc2c(cc1OC)C(=O)/C(=C/c1cccc(CN3CCCC3)c1)C2,6.897052031994626
CHEMBL464427,nM,453.15,CCN(CC)Cc1ccc(/C=C2\Cc3cc(OC)c(OC)cc3C2=O)cc1,6.343758015671039
CHEMBL518399,nM,236.52,CCN(CC)Cc1cccc(/C=C2\Cc3cc(OC)c(OC)cc3C2=O)c1,6.626132129672932
CHEMBL464024,nM,919.62,CCN(C)Cc1ccc(/C=C2\Cc3cc(OC)c(OC)cc3C2=O)cc1,6.0363915922144304
CHEMBL463279,nM,235.5,CCN(C)Cc1cccc(/C=C2\Cc3cc(OC)c(OC)cc3C2=O)c1,6.6280090885350855
CHEMBL462873,nM,616.7,COc1cc2c(cc1OC)C(=O)/C(=C/c1ccc(CN(C)C)cc1)C2,6.209926051573696
CHEMBL462872,nM,62.25,COc1cc2c(cc1OC)C(=O)/C(=C/c1cccc(CN(C)C)c1)C2,7.205860644232226
CHEMBL361540,nM,227.94,COc1cc2c(cc1OC)C(=O)C(Oc1ccc(C(C)N3CCN(C)CC3)cc1)C2,6.642179456061636
CHEMBL360570,nM,69.46,COc1cc2c(cc1OC)C(=O)C(Oc1ccc(CN3CCN(C)CC3)cc1)C2,7.158265221025257
CHEMBL181207,nM,77.66,COc1cc2c(cc1OC)C(=O)C(Oc1cccc(C(C)N3CCN(C)CC3)c1)C2,7.109802613789971
CHEMBL264242,nM,62.06,COc1cc2c(cc1OC)C(=O)C(Oc1cccc(CN3CCN(C)CC3)c1)C2,7.207188228751853
CHEMBL361309,nM,217.13,COc1cc2c(cc1OC)C(=O)C(Oc1ccc(C(C)N3CCOCC3)cc1)C2,6.663280167635657
CHEMBL179824,nM,514.05,COc1cc2c(cc1OC)C(=O)C(Oc1ccc(CN3CCOCC3)cc1)C2,6.2889946365144525
CHEMBL183184,nM,118.04,COc1cc2c(cc1OC)C(=O)C(Oc1cccc(C(C)N3CCOCC3)c1)C2,6.927970799172078
CHEMBL182251,nM,793.14,COc1cc2c(cc1OC)C(=O)C(Oc1cccc(CN3CCOCC3)c1)C2,6.100650147031667
CHEMBL180413,nM,106.26,COc1cc2c(cc1OC)C(=O)C(Oc1ccc(C(C)N3CCCCC3)cc1)C2,6.973630188426282
CHEMBL180145,nM,403.05,COc1cc2c(cc1OC)C(=O)C(Oc1ccc(CN3CCCCC3)cc1)C2,6.39464107451115
CHEMBL362238,nM,38.18,COc1cc2c(cc1OC)C(=O)C(Oc1cccc(C(C)N3CCCCC3)c1)C2,7.418164075942352
CHEMBL181216,nM,266.41,COc1cc2c(cc1OC)C(=O)C(Oc1cccc(CN3CCCCC3)c1)C2,6.574449477462287
CHEMBL180442,nM,402.85,COc1cc2c(cc1OC)C(=O)C(Oc1ccc(C(C)N3CCCC3)cc1)C2,6.394856632019932
CHEMBL180483,nM,257.1,COc1cc2c(cc1OC)C(=O)C(Oc1ccc(CN3CCCC3)cc1)C2,6.589897923357139
CHEMBL182252,nM,137.63,COc1cc2c(cc1OC)C(=O)C(Oc1cccc(C(C)N3CCCC3)c1)C2,6.8612868901239885
CHEMBL362583,nM,505.09,COc1cc2c(cc1OC)C(=O)C(Oc1cccc(CN3CCCC3)c1)C2,6.296631229760885
CHEMBL181125,nM,1330.0,CCN(CC)C(C)c1ccc(OC2Cc3cc(OC)c(OC)cc3C2=O)cc1,5.876148359032914
CHEMBL180437,nM,1340.0,CCN(CC)Cc1ccc(OC2Cc3cc(OC)c(OC)cc3C2=O)cc1,5.872895201635192
CHEMBL180640,nM,865.03,CCN(CC)C(C)c1cccc(OC2Cc3cc(OC)c(OC)cc3C2=O)c1,6.062968830560008
CHEMBL180645,nM,1590.0,CCN(CC)Cc1cccc(OC2Cc3cc(OC)c(OC)cc3C2=O)c1,5.798602875679549
CHEMBL178152,nM,543.47,COc1cc2c(cc1OC)C(=O)C(Oc1ccc(C(C)N(C)C)cc1)C2,6.264824424335831
CHEMBL435897,nM,208.77,COc1cc2c(cc1OC)C(=O)C(Oc1ccc(CN(C)C)cc1)C2,6.680331908785323
CHEMBL541980,nM,399.71,COc1cc2c(cc1OC)C(=O)C(Oc1cccc(C(C)N(C)C)c1)C2,6.398254986364632
CHEMBL181310,nM,1004.0,COc1cc2c(cc1OC)C(=O)C(Oc1cccc(CN(C)C)c1)C2,5.998266287190999
CHEMBL2312576,nM,25.4,COc1ccc([C@@H]2CC(c3c4ccccc4cc4ccccc34)=NN2)cc1,7.5951662833800615
CHEMBL2312575,nM,20.6,O=[N+]([O-])c1cccc([C@@H]2CC(c3c4ccccc4cc4ccccc34)=NN2)c1,7.686132779630847
CHEMBL2312574,nM,41.3,c1ccc([C@@H]2CC(c3c4ccccc4cc4ccccc34)=NN2)nc1,7.384049948343599
CHEMBL2312573,nM,7.2,Oc1ccc([C@@H]2CC(c3c4ccccc4cc4ccccc34)=NN2)c(O)c1,8.142667503568731
CHEMBL2312285,nM,24.4,Oc1ccccc1[C@@H]1CC(c2c3ccccc3cc3ccccc23)=NN1,7.61261017366127
CHEMBL2312284,nM,30.2,c1ccc([C@@H]2CC(c3c4ccccc4cc4ccccc34)=NN2)cc1,7.51999305704285
CHEMBL2312282,nM,30.3,Clc1ccc([C@@H]2CC(c3c4ccccc4cc4ccccc34)=NN2)cc1,7.518557371497695
CHEMBL2323356,nM,83800.0,CCOc1ccc(/C=N/NC(=O)CN2CCC(Cc3ccccc3)CC2)cc1,4.076755981369724
CHEMBL2323355,nM,19500.0,COc1ccc(/C=N/NC(=O)CN2CCC(Cc3ccccc3)CC2)cc1,4.709965388637482
CHEMBL187460,nM,6410.0,C[C@H]1COC2=C1C(=O)C(=O)c1c2ccc2c1CCCC2(C)C,5.193141970481182
CHEMBL227075,nM,1950.0,Cc1cccc2c3c(ccc12)C1=C(C(=O)C3=O)[C@@H](C)CO1,5.709965388637482
CHEMBL3093804,nM,20.0,[Br-].[Br-].c1cc[n+](CCCCCCCCCCCC[n+]2cccc3ccccc32)cc1,7.698970004336019
CHEMBL3093802,nM,400.0,[Br-].[Br-].c1cc[n+](CCCCCCCCCC[n+]2cccc3ccccc32)cc1,6.3979400086720375
CHEMBL24686,nM,1.7,COc1cc(-c2cc3c(c(=O)o2)C[C@]2(O)[C@@]4(C)C(=O)C=CC(C)(C)[C@]4(O)CC[C@@]2(C)O3)cc(OC)c1OC,8.769551078621726
CHEMBL3099500,nM,1.48,CN(CCCCNc1c2c(nc3c(NC(=O)CNC(=O)CC[C@H](NC(=O)CNC(=O)OCc4ccccc4)C(=O)N[C@@H](Cc4ccccc4)C(=O)OCc4ccccc4)cccc13)CCCC2)CCCNc1c2c(nc3ccccc13)CCCC2,8.829738284605043
CHEMBL3099499,nM,5.02,CN(CCCCNc1c2c(nc3ccccc13)CCCC2)CCCNc1c2c(nc3c(NC(=O)CNC(=O)CC[C@H](NC(=O)CNC(=O)OCc4ccccc4)C(=O)N[C@@H](Cc4ccccc4)C(=O)OCc4ccccc4)cccc13)CCCC2,8.29929628285498
CHEMBL3099498,nM,1.92,O=C(CC[C@H](NC(=O)CNC(=O)OCc1ccccc1)C(=O)N[C@@H](Cc1ccccc1)C(=O)OCc1ccccc1)NCC(=O)Nc1cccc2c(NCCCCCCCCNc3c4c(nc5ccccc35)CCCC4)c3c(nc12)CCCC3,8.71669877129645
CHEMBL3099497,nM,0.23,Nc1cccc2c(NCCCCCCCCNc3c4c(nc5ccccc35)CCCC4)c3c(nc12)CCCC3,9.638272163982407
CHEMBL3099496,nM,0.78,O=[N+]([O-])c1cccc2c(NCCCCCCCCNc3c4c(nc5ccccc35)CCCC4)c3c(nc12)CCCC3,9.10790539730952
CHEMBL3115037,nM,2010.0,CN1CC[C@@H](C(=O)N2C/C(=C\c3ccc(F)cc3)C(=O)[C@@]3(C2)[C@H](c2ccc(F)cc2)CN(C)[C@]32C(=O)Nc3ccccc32)[C@@]12C(=O)Nc1ccccc12,5.6968039425795105
CHEMBL3122167,nM,73.0,CCNC(=O)c1ccc2nc(-c3ccc(Cl)cc3)c3c(c2c1)NCCC3,7.136677139879544
CHEMBL3122149,nM,2340.0,CCNC(=O)c1ccc2nc(-c3ccc(Cl)cc3)c3c(c2c1)N(Cc1ccccc1)CCC3,5.630784142589857
CHEMBL3235205,nM,2430000.0,O=C(/C=N/O)NC1CCN(Cc2ccccc2)CC1,2.614393726401688
CHEMBL3235206,nM,3178000.0,O=C(/C=N/O)NCC1CCN(Cc2ccccc2)CC1,2.4978461071286393
CHEMBL3235207,nM,233800.0,CC(=O)/C(=N\O)C(=O)NC1CCN(Cc2ccccc2)CC1,3.6311554931741785
CHEMBL3235208,nM,2303000.0,CC(=O)/C(=N\O)C(=O)NCC1CCN(Cc2ccccc2)CC1,2.637706062035769
CHEMBL3235209,nM,732500.0,N#C/C(=N\O)C(=O)NC1CCN(Cc2ccccc2)CC1,3.1351923709738525
CHEMBL3235210,nM,94963000.0,N#C/C(=N\O)C(=O)NCC1CCN(Cc2ccccc2)CC1,1.022445573930617
CHEMBL3235211,nM,1625000.0,COc1ccc(CN2CCC(CNC(=O)/C(=N/O)C(C)=O)CC2)cc1OC,2.789146634685107
CHEMBL3235212,nM,595100.0,COc1cc2c(cc1OC)C(c1ccccc1)N(CCCNC(=O)/C=N/O)CC2,3.2254100497352054
CHEMBL3235213,nM,1926000.0,COc1cc2c(cc1OC)C(c1ccccc1)N(CCCNC(=O)/C(=N/O)C(C)=O)CC2,2.7153437172114847
CHEMBL3235214,nM,2671000.0,COc1cc2c(cc1OC)CN(CCCNC(=O)/C(=N/O)C(C)=O)CC2,2.573326111978627
CHEMBL3235215,nM,6219.0,Cl.O=C(/C=N/O)NCCCNc1c2c(nc3ccccc13)CCCC2,5.206279443186476
CHEMBL3235216,nM,1492.0,O=C(/C=N/O)NCCCCNc1c2c(nc3ccccc13)CCCC2,5.826231176863351
CHEMBL3235217,nM,3077.0,N#C/C(=N\O)C(=O)NCCCNc1c2c(nc3ccccc13)CCCC2,5.511872503752541
CHEMBL3235218,nM,588.1,O=C(/C=N/O)NCCCCCCNc1c2c(nc3ccccc13)CCCC2,6.230548820597962
CHEMBL3235219,nM,180100.0,O=C(/C=N/O)c1cccnc1OCC1CCN(Cc2ccccc2)CC1,3.7444862871804663
CHEMBL3235220,nM,144000.0,O=C(/C=N/O)c1ccnc(OCC2CCN(Cc3ccccc3)CC2)c1,3.8416375079047507
CHEMBL3235221,nM,31220.0,O=C(/C=N/O)c1ccc(OCC2CCN(Cc3ccccc3)CC2)nc1,4.505567101273601
CHEMBL3235222,nM,199100.0,O=C(/C=N/O)c1cccc(OCC2CCN(Cc3ccccc3)CC2)n1,3.70092873997259
CHEMBL3235223,nM,1930000.0,COc1ccc(CN2CCC(COc3ccc(C(=O)/C=N/O)cn3)CC2)cc1OC,2.714442690992226
CHEMBL3235224,nM,158800.0,O=C(/C=N/O)c1ccc(OCC2CCN(Cc3ccc(F)c(F)c3)CC2)nc1,3.7991495019089223
CHEMBL3235225,nM,1608000.0,N#Cc1ccc(CN2CCC(COc3ccc(C(=O)/C=N/O)cn3)CC2)cc1,2.7937139555875676
CHEMBL3235226,nM,298300.0,O=C(/C=N/O)c1ccc(OCC2CCN(Cc3cccc(Cl)c3)CC2)nc1,3.525346746637937
CHEMBL3235227,nM,55180.0,O=C(/C=N/O)c1cnc(OCC2CCN(Cc3ccccc3)CC2)nc1,4.258218303856833
CHEMBL3235228,nM,285600.0,O=C(/C=N/O)c1ccc(NCC2CCN(Cc3ccccc3)CC2)nc1,3.5442417968958635
CHEMBL3235229,nM,344800.0,COc1ccc(CN2CCCC(COc3ccc(C(=O)/C=N/O)cn3)C2)cc1OC,3.4624327428473247
CHEMBL3235230,nM,232600.0,COc1ccc(CN2CCCCC2COc2ccc(C(=O)/C=N/O)cn2)cc1OC,3.6333902896075703
CHEMBL3235231,nM,550600.0,O=C(/C=N/O)c1ccc(OCC2CCCCN2Cc2ccccc2)nc1,3.2591637929426884
CHEMBL3235232,nM,137400.0,O=C(/C=N/O)c1ccc(OCC2CCN(Cc3ccccc3)C2)nc1,3.8620132672764687
CHEMBL3235233,nM,2517000.0,COc1ccc(CN2CCC(COc3ccc(C(=O)/C=N/O)cn3)C2)cc1OC,2.5991167844516374
CHEMBL3235234,nM,266000.0,O/N=C/c1ccc(OCC2CCN(Cc3ccccc3)CC2)nc1,3.575118363368933
CHEMBL3235235,nM,198500.0,O/N=C/c1cnc(OCC2CCN(Cc3ccccc3)CC2)nc1,3.702239488900866
CHEMBL3233832,nM,2.65,CC1=C[C@@H]2Cc3nc4cc(Cl)ccc4c(NCCCCCCCCCNC(=O)c4cc(O)c5c(c4)C(=O)c4cccc(O)c4C5=O)c3[C@H](C1)C2.Cl,8.576754126063193
CHEMBL3327249,nM,78.2,O=C(NCCCCCCCNc1c2c(nc3ccccc13)CCCC2)c1cc2cc(OC(F)(F)F)ccc2oc1=O,7.106793246940152
CHEMBL3327248,nM,91.1,COc1cc2cc(C(=O)NCCCCCCCNc3c4c(nc5ccccc35)CCCC4)c(=O)oc2cc1OC,7.040481623027002
CHEMBL3327247,nM,66.1,Cc1ccc2oc(=O)c(C(=O)NCCCCCCCNc3c4c(nc5ccccc35)CCCC4)cc2c1,7.17979854051436
CHEMBL3327246,nM,50.7,COc1ccc2oc(=O)c(C(=O)NCCCCCCCNc3c4c(nc5ccccc35)CCCC4)cc2c1,7.2949920406666635
CHEMBL3326711,nM,55.2,COc1ccc2cc(C(=O)NCCCCCCCNc3c4c(nc5ccccc35)CCCC4)c(=O)oc2c1,7.258060922270801
CHEMBL3326710,nM,42.2,O=C(NCCCCCCCNc1c2c(nc3ccccc13)CCCC2)c1cc2ccccc2oc1=O,7.374687549038326
CHEMBL3326709,nM,59.6,O=C(NCCCCCCNc1c2c(nc3ccccc13)CCCC2)c1cc2cc(OC(F)(F)F)ccc2oc1=O,7.2247537402597635
CHEMBL3326708,nM,56.1,COc1cc2cc(C(=O)NCCCCCCNc3c4c(nc5ccccc35)CCCC4)c(=O)oc2cc1OC,7.251037138743839
CHEMBL3326707,nM,30.1,Cc1ccc2oc(=O)c(C(=O)NCCCCCCNc3c4c(nc5ccccc35)CCCC4)cc2c1,7.521433504406157
CHEMBL3326706,nM,24.3,COc1ccc2oc(=O)c(C(=O)NCCCCCCNc3c4c(nc5ccccc35)CCCC4)cc2c1,7.614393726401688
CHEMBL3326705,nM,30.9,COc1ccc2cc(C(=O)NCCCCCCNc3c4c(nc5ccccc35)CCCC4)c(=O)oc2c1,7.510041520575165
CHEMBL3326704,nM,16.7,O=C(NCCCCCCNc1c2c(nc3ccccc13)CCCC2)c1cc2ccccc2oc1=O,7.777283528852417
CHEMBL3326703,nM,76.1,O=C(NCCCCCNc1c2c(nc3ccccc13)CCCC2)c1cc2cc(OC(F)(F)F)ccc2oc1=O,7.118615343229427
CHEMBL3326702,nM,70.0,COc1cc2cc(C(=O)NCCCCCNc3c4c(nc5ccccc35)CCCC4)c(=O)oc2cc1OC,7.154901959985743
CHEMBL3326701,nM,35.8,Cc1ccc2oc(=O)c(C(=O)NCCCCCNc3c4c(nc5ccccc35)CCCC4)cc2c1,7.446116973356125
CHEMBL3326700,nM,39.4,COc1ccc2oc(=O)c(C(=O)NCCCCCNc3c4c(nc5ccccc35)CCCC4)cc2c1,7.404503778174426
CHEMBL3326699,nM,44.3,COc1ccc2cc(C(=O)NCCCCCNc3c4c(nc5ccccc35)CCCC4)c(=O)oc2c1,7.3535962737769305
CHEMBL3326698,nM,34.4,O=C(NCCCCCNc1c2c(nc3ccccc13)CCCC2)c1cc2ccccc2oc1=O,7.46344155742847
CHEMBL3322141,nM,80.4,CCN(CCC(=O)NCCCNc1c2c(nc3ccccc13)CCCC2)C1CCCCC1,7.094743951251549
CHEMBL3322142,nM,199.0,CCN(CCC(=O)NCCCCNc1c2c(nc3ccccc13)CCCC2)C1CCCCC1,6.701146923590294
CHEMBL3322160,nM,4.1,O=C(Cc1cc(=O)oc2cc(O)ccc12)NCCCCNc1c2c(nc3ccccc13)CCCC2,8.387216143280265
CHEMBL3322161,nM,1940.0,O=C(Cc1cc(=O)oc2cc(O)ccc12)NNC(=S)Nc1c2c(nc3ccccc13)CCCC2,5.7121982700697735
CHEMBL3322162,nM,2360.0,O=C(Cc1cc(=O)oc2cc(O)ccc12)N/N=C1\SCC(=O)N1c1c2c(nc3ccccc13)CCCC2,5.627087997029893
CHEMBL2158994,nM,7990.0,CN(C)CCOc1ccc(C(=O)/C=C/c2ccccc2)cc1,5.097453220686009
CHEMBL3586199,nM,2490.0,CC(=O)O[C@H]1CC[C@@]2(C)[C@@H](CC[C@@]3(C)C[C@@]4(O)CC[C@H]5C(C)(C)[C@@H](OC(C)=O)CC[C@]5(C)[C@H]4CC[C@@H]32)C1(C)C,5.603800652904264
CHEMBL3586200,nM,7970.0,C[C@@]12CC[C@@H]3[C@](C)(CC[C@H](OC(=O)CCc4ccc(O)cc4)[C@]3(C)C(=O)O)[C@H]1CC[C@H]1C(=CC[C@@H]3[C@]1(C)CC[C@@H](O)[C@]3(C)CO)C2,5.098541678603888
CHEMBL3586207,nM,1170.0,CCCC[C@@H](O)/C=C/C=C/C(=O)O,5.931814138253838
CHEMBL3585775,nM,0.0056,COc1ccccc1C(C)NS(=O)(=O)NC(=O)OCc1ccccc1,11.2518119729938
CHEMBL3585776,nM,0.0045,COc1ccc(C(C)NS(=O)(=O)NC(=O)OCc2ccccc2)cc1,11.346787486224656
CHEMBL3585777,nM,0.0051,COc1ccc(C(C)NS(=O)(=O)NC(=O)OCc2ccccc2)cc1OC,11.292429823902063
CHEMBL3585778,nM,0.0229,COc1ccc(OC)c(C(C)NS(=O)(=O)NC(=O)OCc2ccccc2)c1,10.640164517660113
CHEMBL3585779,nM,0.0105,COc1cccc(OC)c1C(C)NS(=O)(=O)NC(=O)OCc1ccccc1,10.978810700930062
CHEMBL3585780,nM,0.0382,COc1ccccc1C(C)NS(N)(=O)=O,10.41793663708829
CHEMBL3585781,nM,0.0063,COc1ccc(C(C)NS(N)(=O)=O)cc1,11.200659450546418
CHEMBL3585782,nM,0.0049,COc1ccc(C(C)NS(N)(=O)=O)cc1OC,11.309803919971486
CHEMBL3585783,nM,0.0056,COc1ccc(OC)c(C(C)NS(N)(=O)=O)c1,11.2518119729938
CHEMBL3585784,nM,0.0081,COc1cccc(OC)c1C(C)NS(N)(=O)=O,11.09151498112135
CHEMBL3621322,nM,0.08,CC[N+](CC)(CCCCCn1c(C)cc(=O)n(CCCCC[N+](CC)(CC)Cc2ccccc2[N+](=O)[O-])c1=O)Cc1ccccc1[N+](=O)[O-].[Br-].[Br-],10.096910013008056
CHEMBL3621333,nM,50.12,CC[N+]1(Cc2ccccc2[N+](=O)[O-])CCCCCn2c(C)cc(=O)n(c2=O)CCCCC[N+](CC)(Cc2ccccc2[N+](=O)[O-])Cc2ccc(cc2)C1.[Br-].[Br-],7.299988937677888
CHEMBL3632994,nM,49.5,Cc1c(C)c2c(c(C)c1O)CCC(C)(C(=O)NCCCCCCCCNc1c3c(nc4cc(Cl)ccc14)CCCC3)O2,7.305394801066432
CHEMBL603622,nM,140.0,CO[P@]1(=O)OC[C@H]2COC(=O)C2=C(C)O1,6.853871964321762
CHEMBL3752467,nM,0.72,c1ccc2oc(CNCCCCCCCNc3c4c(nc5ccccc35)CCCC4)cc2c1,9.142667503568731
CHEMBL3786651,nM,0.98,COc1cccc2c1CC[C@H](NC(=O)N(C)C)C2,9.008773924307505
CHEMBL3786516,nM,0.67,COc1ccc2c(c1)CCC(NC(=O)N(C)C)C2,9.173925197299173
CHEMBL3787502,nM,1.06,COc1ccc2c(c1)C[C@@H](NC(=O)N(C)C)CC2,8.97469413473523
CHEMBL3785269,nM,0.45,COc1cccc2c1CCC(NS(=O)(=O)N(C)C)C2,9.346787486224656
CHEMBL3787223,nM,1.05,COc1ccc2c(c1)CCC(NS(=O)(=O)N(C)C)C2,8.978810700930062
CHEMBL3786448,nM,0.83,COc1ccc2c(c1)CC(NS(=O)(=O)N(C)C)CC2,9.080921907623926
CHEMBL3786937,nM,1.59,CN(C)C(=O)N[C@H]1CCc2c(O)cccc2C1,8.79860287567955
CHEMBL3785391,nM,1.33,CN(C)C(=O)NC1CCc2cc(O)ccc2C1,8.876148359032914
CHEMBL3785207,nM,1.74,CN(C)C(=O)N[C@H]1CCc2ccc(O)cc2C1,8.7594507517174
CHEMBL3786873,nM,1.34,CN(C)S(=O)(=O)NC1CCc2c(O)cccc2C1,8.872895201635192
CHEMBL3786442,nM,1.22,CN(C)S(=O)(=O)N[C@H]1CCc2cc(O)ccc2C1,8.913640169325252
CHEMBL3786719,nM,0.72,CN(C)S(=O)(=O)NC1CCc2ccc(O)cc2C1,9.142667503568731
CHEMBL3818801,nM,980.0,O=C1/C(=C/C2CCN(Cc3ccccc3)CC2)Cc2cc3c(cc21)OCO3,6.008773924307505
CHEMBL3819247,nM,39670.0,COc1ccc2c(c1)C(=O)/C(=C/C1CCN(Cc3ccc4c(c3)OCO4)CC1)C2,4.401537799525849
CHEMBL3818918,nM,18200.0,COc1cccc2c1C(=O)/C(=C/C1CCN(Cc3ccc4c(c3)OCO4)CC1)C2,4.739928612014925
CHEMBL3818415,nM,2822.0,COc1cc2c(cc1O)C(=O)/C(=C/C1CCN(Cc3ccccc3)CC1)C2,5.549442990581671
CHEMBL3819155,nM,2822.0,COc1cc2c(cc1O)C/C(=C\C1CCN(Cc3ccccc3)CC1)C2=O,5.549442990581671
CHEMBL3818230,nM,4224.0,O=C1/C(=C/C2CCN(Cc3ccccc3)CC2)Cc2ccc(O)cc21,5.374276090474244
CHEMBL3818616,nM,355.0,O=C1/C(=C/C2CCN(Cc3ccccc3)CC2)Cc2cccc(O)c21,6.449771646944906
CHEMBL3819646,nM,1980.0,O=C1/C(=C/C2CCN(Cc3ccccc3)CC2)Cc2cc(O)ccc21,5.703334809738469
CHEMBL168938,nM,35.0,COc1cc2c(cc1OC)C(=O)/C(=C/C1CCN(Cc3ccccc3)CC1)C2,7.455931955649724
CHEMBL3819220,nM,260.0,COc1ccc2c(c1)C(=O)/C(=C/C1CCN(Cc3ccccc3)CC1)C2,6.585026652029182
CHEMBL3818167,nM,1835.0,COc1cccc2c1C(=O)/C(=C/C1CCN(Cc3ccccc3)CC1)C2,5.736363931411892
CHEMBL3818084,nM,29.0,COc1ccc2c(c1)C/C(=C\C1CCN(Cc3ccccc3)CC1)C2=O,7.537602002101044
CHEMBL3819531,nM,554.0,COc1cccc(CN2CCC(/C=C3\Cc4cc(OC)ccc4C3=O)CC2)c1,6.2564902352715706
CHEMBL3819113,nM,119490.0,COc1cccc(CN2CCC(/C=C3\Cc4ccc(OC)cc4C3=O)CC2)c1,3.9226684388710096
CHEMBL3819574,nM,17230.0,COc1cccc(CN2CCC(/C=C3\Cc4cccc(OC)c4C3=O)CC2)c1,4.763714722551971
CHEMBL489354,nM,4330.0,O=C(CCCCCCCCc1ccc(O)cc1)c1c(O)cccc1O,5.363512103646634
CHEMBL524100,nM,5860.0,O=C(CCCCCCCCc1ccc(O)c(O)c1)c1c(O)cccc1O,5.232102383981909
CHEMBL3910142,nM,15.0,C#CCN(Cc1ccc2cccc(O)c2n1)C(C#N)CCC1CCN(Cc2ccccc2)CC1,7.823908740944319
CHEMBL3921061,nM,520.0,CN(C)C(=O)Oc1cccc(C(=O)/C=C/c2ccc(O)cc2)c1,6.2839966563652006
CHEMBL3913078,nM,1108.0,CC(=O)/C(=N\O)C(=O)Nc1cnc2c(c1)CC(N(C)CCc1ccccc1)CC2,5.955460239607589
CHEMBL3979816,nM,233.0,COc1ccc(CN2CCCCC2COc2ccc(C(=O)/C=N\O)cn2)cc1OC,6.632644078973981
CHEMBL3915239,nM,31.0,O=C(/C=N\O)c1ccc(OCC2CCN(Cc3ccccc3)CC2)nc1,7.508638306165727
CHEMBL4080105,nM,480.0,COc1cc(/C=C/C(=O)Nc2ccccc2)ccc1OCCCCCCN1CCCCC1,6.318758762624412
CHEMBL4095908,nM,870.0,COc1cccc(C2c3ccc4cccnc4c3Oc3nc4c(c(N)c32)CCCC4)c1,6.060480747381382
CHEMBL4066365,nM,8900.0,CCO[P@](=O)(SCC)c1ccccc1,5.050609993355087
CHEMBL4104952,nM,2660.0,C[n+]1c2ccccc2c(-c2ccc(N)cc2)c2ccccc21.F[B-](F)(F)F,5.575118363368933
CHEMBL4080726,nM,13200.0,CCN(CC)c1ccc(-c2c3ccccc3[n+](C)c3ccccc23)cc1.F[B-](F)(F)F,4.87942606879415
CHEMBL4077169,nM,4010.0,CN1c2ccccc2C(N2CCOCC2)c2ccccc21,5.396855627379818
CHEMBL4065259,nM,3750.0,CN1c2ccccc2C(N2CCSCC2)c2ccccc21,5.425968732272281
CHEMBL4075825,nM,3340.0,CN1c2ccccc2C(n2cncn2)c2ccccc21,5.476253533188435
CHEMBL4088659,nM,6430.0,CN1c2ccccc2C(n2nnc3ccccc32)c2ccccc21,5.191789027075778
CHEMBL4162224,nM,59800.0,O=C1SCc2ccccc21,4.223298816011589
CHEMBL4166725,nM,11800.0,O=C1SCc2cccc([N+](=O)[O-])c21,4.928117992693875
CHEMBL4168617,nM,56200.0,O=C(O)C(F)(F)F.O=C1CC[C@@]2(C=CNC3=C2C2=NCCc4c[nH]c(c42)C3=O)C=C1Br,4.250263684430939
CHEMBL4160694,nM,98000.0,O=C(O)C(F)(F)F.O=C1C2=C(C3=NCCc4c[nH]c1c43)C1(C=CN2)C=C(Br)C(O)C(Br)=C1,4.008773924307505
CHEMBL462946,nM,22800.0,O=C(O)C(F)(F)F.O=C1C=C2S[C@H]3C[C@]2(C=C1Br)C1=C(N3)C(=O)c2[nH]cc3c2C1=NCC3,4.642065152999546
CHEMBL4167524,nM,37.14,Cc1cc(=O)oc2cc(OCCCCSC(=S)N3CCCCC3)ccc12,7.4301581005962385
CHEMBL4171520,nM,3880.0,COc1cccc(C2NC(=S)Nc3nc4c(c(N)c32)CCCC4)c1,5.411168274405792
CHEMBL4174958,nM,147.0,Nc1c2c(nc3c1C(c1cccc(Br)c1)NC(=S)N3)CCCC2,6.8326826652518236
CHEMBL4207101,nM,9.85,O=C(CNCc1cc(F)cc(F)c1)Nc1ccc2nc3n(c(=O)c2c1)CCC3,8.006563769502389
CHEMBL4210729,nM,3.28,COc1ccc(Cn2cc(C(=O)NCCCNc3c4c(nc5cc(Cl)ccc35)CCCC4)c(=O)c3ccccc32)cc1,8.48412615628832
CHEMBL4292643,nM,42000.0,NC(=O)c1cc[n+](CCC[n+]2ccc(/C=N/O)c(Cl)c2)cc1.[Br-].[Br-],4.376750709602099
CHEMBL4284764,nM,36000.0,NC(=O)c1cc[n+](CCCC[n+]2ccc(/C=N/O)c(Cl)c2)cc1.[Br-].[Br-],4.443697499232713
CHEMBL4289221,nM,24000.0,NC(=O)c1cc[n+](C/C=C/C[n+]2ccc(/C=N/O)c(Cl)c2)cc1.[Br-].[Br-],4.619788758288394
CHEMBL4281350,nM,21000.0,NC(=O)c1cc[n+](CCC[n+]2cc(Cl)c(/C=N/O)c(Cl)c2)cc1.[Br-].[Br-],4.6777807052660805
CHEMBL4285826,nM,12000.0,NC(=O)c1cc[n+](CCCC[n+]2cc(Cl)c(/C=N/O)c(Cl)c2)cc1.[Br-].[Br-],4.920818753952375
CHEMBL4277895,nM,22000.0,NC(=O)c1cc[n+](C/C=C/C[n+]2cc(Cl)c(/C=N/O)c(Cl)c2)cc1.[Br-].[Br-],4.657577319177793
CHEMBL33051,nM,25000.0,NC(=O)c1cc[n+](COC[n+]2ccccc2/C=N/O)cc1.[Cl-].[Cl-],4.6020599913279625
CHEMBL14577,nM,180000.0,C[n+]1ccccc1C=NO.[I-],3.7447274948966935
CHEMBL397871,nM,73000.0,NC(=O)c1cc[n+](CCC[n+]2ccc(/C=N/O)cc2)cc1.[Br-].[Br-],4.136677139879544
CHEMBL116379,nM,110000.0,NC(=O)c1cc[n+](CCCC[n+]2ccc(/C=N/O)cc2)cc1.[Br-].[Br-],3.9586073148417746
CHEMBL238977,nM,90000.0,NC(=O)c1cc[n+](C/C=C/C[n+]2ccc(/C=N/O)cc2)cc1.[Br-].[Br-],4.045757490560675
CHEMBL4292235,nM,190.0,Cc1ccc(NC(=O)c2cc(=O)c3cc(/C=C/C(=O)OCCN(C)C)ccc3o2)cc1,6.721246399047171
CHEMBL4284495,nM,11.0,COc1cc2oc(C(=O)OCCC3CCN(Cc4ccccc4)CC3)cc(=O)c2cc1OC,7.958607314841775
CHEMBL4286799,nM,57.0,O=C(NCCC1CCN(Cc2ccccc2)CC1)c1cc(=O)c2ccccc2o1,7.2441251443275085
CHEMBL4277548,nM,12.0,O=C(NCCC1CCN(Cc2ccccc2)CC1)c1cc(=O)c2cc([N+](=O)[O-])ccc2o1,7.920818753952375
CHEMBL4292477,nM,62.0,Nc1ccc2oc(C(=O)NCCC3CCN(Cc4ccccc4)CC3)cc(=O)c2c1,7.207608310501746
CHEMBL4287970,nM,39.0,COc1cc2oc(C(=O)NCCC3CCN(Cc4ccccc4)CC3)cc(=O)c2cc1OC,7.4089353929735005
CHEMBL4284165,nM,11.0,O=C(NCCCC1CCN(Cc2ccccc2)CC1)c1cc(=O)c2cc(O)ccc2o1,7.958607314841775
CHEMBL4294783,nM,21.0,COc1cc2oc(C(=O)NCCCC3CCN(Cc4ccccc4)CC3)cc(=O)c2cc1OC,7.6777807052660805
CHEMBL4293801,nM,60.0,COc1cc2[nH]c(C(=O)NCCC3CCN(Cc4ccccc4)CC3)cc(=O)c2cc1OC,7.221848749616356
CHEMBL4283390,nM,3200.0,CC(C)(C)c1cc(/C=C/C(=O)NCCC2CCN(Cc3ccccc3)CC2)cc(C(C)(C)C)c1O,5.494850021680094
CHEMBL4292766,nM,1400.0,CC(C)(C)c1cc(/C=C/C(=O)NCCC2CCN(Cc3ccccc3F)CC2)cc(C(C)(C)C)c1O,5.853871964321762
CHEMBL362378,nM,7390.0,CC1(C)C=Cc2c(ccc(C(=O)/C=C/c3ccc(O)cc3)c2O)O1,5.131355561605174
CHEMBL3417009,nM,16.0,COc1cc(N)c(Cl)cc1C(=O)CCC1CCN(CC2CCCCC2)CC1,7.795880017344075
CHEMBL4582736,nM,630.0,COc1ccc(C2=NN(C(C)=O)C(c3ccc(N4CCN(C)CC4)cc3)C2)cc1OC,6.200659450546418
CHEMBL4458648,nM,121.0,S=C(NCc1ccccc1)NNc1c2c(nc3ccccc13)CCCC2,6.917214629683549
CHEMBL4444497,nM,879.0,COc1cc(NCc2ccc(Oc3c(N)cccc3Cl)cc2)cc(OC)c1OC,6.056011124926228
CHEMBL4579543,nM,60.79,NS(=O)(=O)c1ccc(C(=O)n2[nH]c(=O)c3c(F)cccc3c2=O)cc1,7.216167856615559
CHEMBL4444582,nM,60.79,NS(=O)(=O)c1ccc(C(=O)n2[nH]c(=O)c3cc(F)ccc3c2=O)cc1,7.216167856615559
CHEMBL4524569,nM,60.79,NS(=O)(=O)c1ccc(C(=O)n2[nH]c(=O)c3c([N+](=O)[O-])cccc3c2=O)cc1,7.216167856615559
CHEMBL4453373,nM,60.79,NS(=O)(=O)c1ccc(C(=O)n2[nH]c(=O)c3cc([N+](=O)[O-])ccc3c2=O)cc1,7.216167856615559
CHEMBL4541764,nM,60.79,NS(=O)(=O)c1ccc(C(=O)n2[nH]c(=O)c3ccc(C(=O)O)cc3c2=O)cc1,7.216167856615559
CHEMBL4456083,nM,88.5,CCOc1ccc(Cc2nc3cc(C(=O)N(CC)CC)ccc3n2CCCCCCNc2c3c(nc4ccccc24)CCCC3)cc1,7.053056729302175
CHEMBL4441666,nM,3.71,CCOc1ccc(Cc2nc3cc(C(=O)NCCCNc4c5c(nc6ccccc46)CCCC5)ccc3n2CCC(C)C)cc1,8.430626090384955
CHEMBL4447210,nM,16.7,CCOc1ccc(Cc2nc3cc(C(=O)NCCSSCCNc4c5c(nc6ccccc46)CCCC5)ccc3n2CCC(C)C)cc1,7.777283528852417
CHEMBL4474399,nM,129.0,Cc1ccc2oc(-c3ccc(OCCCCCCN4CCCCC4)cc3)cc(=O)c2c1,6.889410289700751
CHEMBL4583534,nM,100.0,FC(F)(F)c1ccc(CNC2CCN(Cc3ccccc3)CC2)cc1,7.0
CHEMBL4648322,nM,19.1,COc1cc2cc(NC(=O)[C@@H]3CCC[C@H](NCc4ccccc4)C3)c(=O)oc2cc1OC,7.718966632752272
CHEMBL2314726,nM,93.4,COc1cc2cc(NC(=O)[C@H]3CCC[C@@H](NCc4ccccc4)C3)c(=O)oc2cc1OC,7.029653123769907
CHEMBL4759108,nM,30.0,Fc1ccc(-c2nnc(N3CCN(c4ccccn4)CC3)o2)c(F)c1,7.522878745280337
CHEMBL4792387,nM,51000.0,CN1CCCC[C@H]1c1ccc(-c2cccnc2)nc1,4.292429823902063
CHEMBL4760940,nM,170.0,c1cnc(Nc2nnc(-c3cccc4ccccc34)o2)nc1,6.769551078621726
CHEMBL4793341,nM,23.0,FC(F)(F)Oc1ccc(CNC2CCN(Cc3ccccc3)C2)cc1,7.638272163982407
CHEMBL4752175,nM,0.456,COc1ccc2cc3[n+](cc2c1OCc1ccc(C(F)(F)F)cc1)CCc1cc2c(cc1-3)OCO2.[Br-],9.341035157335565
CHEMBL4790545,nM,210.0,COc1ccc2cc(C(=O)NCCC3CCN(Cc4ccccc4)CC3)ccc2c1,6.6777807052660805
CHEMBL4754487,nM,0.68,COc1cc(CNC(=O)CCCCCCNc2c3c(nc4cc(Cl)ccc24)CC2C=C(C)CC3C2)ccc1O,9.167491087293763
CHEMBL4751100,nM,0.132,COc1cc2c(cc1O)CCC(C)(CCNCCCCCCCCNc1c3c(nc4cc(Cl)ccc14)CCCC3)O2,9.87942606879415
CHEMBL4790766,nM,8.0,CCOC(=O)c1c(C)nc(N2CCN(S(=O)(=O)c3ccc(NC(C)=O)c(Cl)c3)CC2)nc1-c1ccc(OC)c(OC)c1,8.096910013008056
CHEMBL4800260,nM,500.0,COc1cc2c(cc1OC)C(=O)/C(=C/c1ccc(N3CC[N+](C)(Cc4ccccc4)CC3)cc1)C2.[Cl-],6.301029995663981
CHEMBL4791075,nM,1000.0,COc1cc2c(cc1OC)C(=O)/C(=C/c1ccc(N3CC[N+](C)(Cc4cccc(Cl)c4)CC3)cc1)C2.[Br-],6.0
CHEMBL4783427,nM,394.0,CCN(CCCCOc1ccc(-c2cc(=O)c3c(O)cc(OCCCCN(CC)Cc4ccccc4)cc3o2)cc1)Cc1ccccc1,6.404503778174426
CHEMBL4868687,nM,10100.0,COC(=O)/C(=N\Nc1ccc(C)cc1)C(=O)C(F)(F)F,4.995678626217358
CHEMBL1995010,nM,389.7,Cc1ccc(S(=O)(=O)SCc2ccccc2)cc1,6.409269594207309
CHEMBL4845755,nM,326.9,Cc1ccc(S(=O)(=O)SCc2ccc(F)cc2)cc1,6.485585079419631
CHEMBL4863431,nM,714.4,Cc1ccc(S(=O)(=O)SCc2ccc(Cl)cc2)cc1,6.146058554119509
CHEMBL4867081,nM,251.4,Cc1ccc(S(=O)(=O)SCc2ccc([N+](=O)[O-])cc2)cc1,6.599634726650061
CHEMBL4858117,nM,165.5,Cc1ccc(S(=O)(=O)SCc2ccc(C#N)cc2)cc1,6.781202001888262
CHEMBL4868918,nM,147.9,Cc1ccc(S(=O)(=O)SCc2ccc(C(F)(F)F)cc2)cc1,6.830031826003108
CHEMBL4860610,nM,198.2,Cc1ccc(S(=O)(=O)SCc2ccc(OC(F)(F)F)cc2)cc1,6.702896349850743
CHEMBL4875944,nM,218.7,COc1ccc(CSS(=O)(=O)c2ccc(C)cc2)cc1,6.660151216962364
CHEMBL4871975,nM,25.6,Cc1ccc(S(=O)(=O)SCc2ccc(C(C)C)cc2)cc1,7.59176003468815
CHEMBL4852721,nM,157.3,Cc1ccc(S(=O)(=O)SCc2ccc(C(C)(C)C)cc2)cc1,6.803271277376713
CHEMBL4856400,nM,23.01,CC1=CC2Cc3nc4cc(Cl)ccc4c(NCCCCCCNC(=O)[C@@H](N)Cc4c[nH]c5ccccc45)c3C(C1)C2.Cl.Cl,7.638083381331357
CHEMBL4849905,nM,120.0,c1ccc(CN2CCC(CCNc3cc4c(nn3)-c3ccccc3CCCC4)CC2)cc1,6.920818753952375
CHEMBL5089821,nM,31000.0,COc1cc2c(c(CO)c1OC)C[C@H]1c3c(cc4c(c3OC)OCO4)CC[N+]1=C2.O=C([O-])C(F)(F)F,4.508638306165727
CHEMBL5076804,nM,6300.0,COc1cc2c(c3c1OCOC3)C[C@H]1c3c(cc4c(c3OC)OCO4)CC[N+]1=C2.O=C([O-])C(F)(F)F,5.200659450546418
CHEMBL5080190,nM,13200.0,COc1cc2c[n+]3c(cc2c(CO)c1OC)-c1c(cc2c(c1OC)OCO2)CC3,4.87942606879415
CHEMBL5085317,nM,13700.0,COc1cc2c(c3c1OCOC3)C[C@H]1c3c(cc4c(c3OC)OCO4)CCN1C2,4.863279432843593
CHEMBL5082824,nM,2000.0,CN(CCCC(F)F)Cc1ccc(COc2ccc3c(CO)cc(=O)oc3c2)cc1,5.698970004336019
CHEMBL5194943,nM,80.6,NS(=O)(=O)c1ccc(N2N=C(c3cccs3)CC2c2ccc(Br)cc2)cc1,7.09366495819491
CHEMBL5177448,nM,35000.0,NC(=O)c1cc[n+](CCC[n+]2ccc(/C=N/O)c(F)c2)cc1.[Br-].[Br-],4.455931955649724
CHEMBL5171026,nM,28000.0,NC(=O)c1cc[n+](CCC[n+]2cc(F)c(/C=N/O)c(F)c2)cc1.[Br-].[Br-],4.552841968657781
CHEMBL5173381,nM,44000.0,NC(=O)c1cc[n+](CCCC[n+]2ccc(/C=N/O)c(F)c2)cc1.[Br-].[Br-],4.356547323513812
CHEMBL5184063,nM,63000.0,NC(=O)c1cc[n+](CCCC[n+]2cc(F)c(/C=N/O)c(F)c2)cc1.[Br-].[Br-],4.200659450546418
CHEMBL595504,nM,36000.0,NC(=O)c1cc[n+](C/C=C/C[n+]2ccc(/C=N/O)c(F)c2)cc1.[Br-].[Br-],4.443697499232713
CHEMBL5206644,nM,68000.0,NC(=O)c1cc[n+](C/C=C/C[n+]2cc(F)c(/C=N/O)c(F)c2)cc1.[Br-].[Br-],4.167491087293763
CHEMBL3758997,nM,2540.0,NS(=O)(=O)c1ccc(/N=C/c2cc(Br)cc(Br)c2O)cc1,5.5951662833800615
CHEMBL5196990,nM,77.7,NS(=O)(=O)c1ccc(NCc2cccc(Br)c2O)cc1,7.1095789811990855
CHEMBL5181066,nM,21.0,NS(=O)(=O)c1ccc(/N=C/c2cc(Br)cc(Cl)c2O)cc1,7.6777807052660805
CHEMBL5170213,nM,20.98,NS(=O)(=O)c1ccc(NCc2cccc(Cl)c2O)cc1,7.678194516142461
CHEMBL433041,nM,100.0,CCCCCCCNC(=O)Oc1ccc2c(c1)[C@]1(C)CCN(C)[C@@H]1N2C,7.0
CHEMBL5219123,nM,0.261,COc1cc2c(c(OC)c1)CC(NC(=O)OCc1ccccc1)C2,9.58335949266172
CHEMBL5220695,nM,120.0,CC(C)(C)OC(=O)Nc1ccc(O)c(C(=O)NCCCN2CCCCC2)c1,6.920818753952375
CHEMBL5219239,nM,170.0,CC1CCCCN1CCCNC(=O)c1cc(NC(=O)OC(C)(C)C)ccc1O,6.769551078621726
CHEMBL5218804,nM,0.264,COc1cccc2c1CCC(NC(=O)OCc1ccccc1)C2,9.578396073130168
CHEMBL5219425,nM,3500.0,CCN(CC)C(=O)OC1C[N+]2(C)CCC1CC2.[I-],5.455931955649724
CHEMBL193996,nM,1000.0,O=C(Nc1ccccc1)OC1CN2CCC1CC2,6.0
